# Страница http://accords.site/txt.php?s=002 (27.09.2026): альбом, как в Song.album (заголовок страницы без года), и год из заголовка.
# Тип сайт не указывает; kind взят из раздела «Дискография» статьи ru.wikipedia «Алиса (группа)», oldid=155315423 (27.09.2026).
# kind: studio, live, compilation, solo (сольные Кинчева), other (синглы). ВП = Википедия.
album	year	kind	note
Доктор Кинчев, группа "Стиль" - Нервная ночь	1984	solo	ВП: сольные альбомы Кинчева
Кривозеркалье	1984	studio	ВП: раздел «Альбомы, выпущенные С. Задерием»; треки 9–19 концертные
Энергия	1985	studio	
Поколение Х	1986	studio	ВП: раздел «Альбомы, выпущенные С. Задерием»
БлокАда	1987	studio	ВП: «Блок ада»
Акустика - часть 1, Пермь	1988	live	ВП: концертный, издан 1995; на сайте год записи
Акустика - часть 2, Ленинград	1985	live	ВП: концертный, издан 1996; на сайте год записи
Акустика - часть 3, Псков	1988	live	ВП: концертный, издан 2000; на сайте год записи
Шестой лесничий	1989	studio	
Ст.206 ч.2	1989	studio	ВП: «Ст. 206 ч. 2»
Шабаш	1991	studio	
Для тех, кто свалился с Луны	1993	studio	
Чёрная метка	1994	studio	
JAZZ	1996	studio	ВП: «Jazz»
Дурень	1997	studio	
Пляс Сибири на берегах Невы	1998	live	
Кинчев и Рикошет - Геополитика	1997	solo	ВП: сольные альбомы, год 1998
Солнцеворот	2000	studio	
Танцевать	2001	studio	
Без креста	2003	other	ВП: сингл
Сейчас позднее, чем ты думаешь	2003	studio	
Синий предел	2005	other	ВП: сингл
Изгой	2005	studio	
Стать Севера	2007	studio	
Пульс хранителя дверей лабиринта	2008	studio	
Ъ	2010	studio	ВП: есть и альбом, и сингл «Ъ» 2010; на сайте 11 песен, значит альбом
20.12	2011	studio	
Саботаж	2012	studio	
Цирк	2014	studio	
Эксцесс	2016	studio	
Посолонь	2019	studio	
Константин Кинчев - Белый шум	2021	solo	ВП: сольные альбомы Кинчева
Дудка	2022	studio	
Гойда	2024	studio	
Константин Кинчев - Я	2026	solo	ВП: сольные альбомы Кинчева
