# Песни «Алисы» с http://accords.site/txt.php?s=002, слова которых по ru.wikipedia не только (или не) К. Кинчева. Проверено 27.09.2026.
# title — как в Song.title на сайте; source — статья ru.wikipedia и её oldid. Песни не с сайта (Парус звездолова, Чик-чик-чик, Мельница, Дух, Ком с горы, Илья, Мой мир) не включены.
title	lyricist	source
Ярмарка чудес	Илья Утехин	Кривозеркалье (oldid=153884952), all_lyrics
Кривозеркалье	Илья Утехин	Кривозеркалье (oldid=153884952), all_lyrics
Кошачий прыжок	Илья Утехин	Кривозеркалье (oldid=153884952), all_lyrics
Синтезатор сладострастия	Илья Утехин	Кривозеркалье (oldid=153884952), all_lyrics
Сильные идут вперёд	Илья Утехин	Кривозеркалье (oldid=153884952), all_lyrics
Город	Илья Утехин	Кривозеркалье (oldid=153884952), all_lyrics
Мужчина - машина, женщина - лёд	Илья Утехин	Кривозеркалье (oldid=153884952), all_lyrics
Гуталиновый ангел	Илья Утехин	Кривозеркалье (oldid=153884952), all_lyrics
Мышиный цирк	Илья Утехин	Кривозеркалье (oldid=153884952), all_lyrics
Большое ружьё	Илья Утехин	Кривозеркалье (oldid=153884952), all_lyrics
Одноразовая любовь	Илья Утехин	Кривозеркалье (oldid=153884952), all_lyrics
Дружеское напутствие альпинисту	Святослав Задерий	Кривозеркалье (oldid=153884952)
Нахал	Святослав Задерий	Кривозеркалье (oldid=153884952)
Инвалид рока	Святослав Задерий	Кривозеркалье (oldid=153884952)
Сумасшедший твист	Святослав Задерий, Илья Утехин	Кривозеркалье (oldid=153884952)
Блондинка	Святослав Задерий, Илья Утехин	Кривозеркалье (oldid=153884952)
Поколение Х	Пётр Самойлов	Кривозеркалье (oldid=153884952)
Танец на палубе тонущего корабля	Олег Котельников	Кривозеркалье (oldid=153884952); Ст. 206 ч. 2 (oldid=149420282)
Новый метод	Константин Кинчев, Пётр Самойлов	Шестой лесничий (oldid=154680963)
Шестой лесничий	Андрей Киселёв	Шестой лесничий (oldid=154680963)
Сумасшедший дом	Пётр Самойлов	Ст. 206 ч. 2 (oldid=149420282)
Птица Марабу	Пётр Самойлов	Ст. 206 ч. 2 (oldid=149420282)
Прозаик	Пётр Самойлов	Ст. 206 ч. 2 (oldid=149420282)
Дятел	Пётр Самойлов	Ст. 206 ч. 2 (oldid=149420282)
Чунга-чанга	Пётр Самойлов	Ст. 206 ч. 2 (oldid=149420282)
Голубой банщик	Пётр Самойлов	Ст. 206 ч. 2 (oldid=149420282)
Снова в Америке	Константин Кинчев, Пётр Самойлов	Ст. 206 ч. 2 (oldid=149420282)
Света	Константин Кинчев, Пётр Самойлов	Ст. 206 ч. 2 (oldid=149420282)
Черта	Олег Котельников	Ст. 206 ч. 2 (oldid=149420282)
Лодка	Су Ши	Шабаш (oldid=155011209); Алиса (группа) (oldid=155315423), «Кавер-версии»
Ямщик	Владимир Высоцкий	Для тех, кто свалился с Луны (oldid=149419696); Алиса (группа), «Кавер-версии»
Паскуда	Игорь Чумычкин	Чёрная метка (альбом) (oldid=155011452), «И. Чумычкин»
То ли про Любовь, то ли про Беду	Игорь Чумычкин	Чёрная метка (альбом) (oldid=155011452), «И. Чумычкин»
Жги-гуляй	Константин Кинчев, Пётр Самойлов	Чёрная метка (альбом) (oldid=155011452)
Знаки (Осень)	Андрей Киселёв	Танцевать (oldid=146222792), трек «Знаки»
Старые раны	Майк Науменко	Стать Севера (oldid=154913018), поле writer (музыка и слова); Алиса (группа), кавер
Песня без слов	Виктор Цой	Без креста (oldid=155138416), поле writer (музыка и слова); Алиса (группа), кавер «Кино»
Ночь	Эдмунд Шклярский	Синий предел (oldid=149436473), поле writer (музыка и слова); Алиса (группа), кавер «Пикника»
Суд	Алексей Константинович Толстой	Алиса (группа) (oldid=155315423), «Кавер-версии»: песня на стих А. К. Толстого
