# Каталог https://old.aquarium.ru/discography/index.html, https://old.aquarium.ru/discography/index2.html, https://old.aquarium.ru/discography/index3.html (2026-09-27). kind выведен из раздела каталога (section).
# kind: studio / live / compilation / single / other; пустой year — год не указан.
album	year	kind	section	url
Синий альбом	1981	studio	Естественные Альбомы Аквариума и БГ	https://old.aquarium.ru/discography/sinij_albo210.html
Треугольник	1981	studio	Естественные Альбомы Аквариума и БГ	https://old.aquarium.ru/discography/treugolnik211.html
Электричество	1981	studio	Естественные Альбомы Аквариума и БГ	https://old.aquarium.ru/discography/elektriche212.html
Акустика	1982	studio	Естественные Альбомы Аквариума и БГ	https://old.aquarium.ru/discography/akustika203.html
Табу	1982	studio	Естественные Альбомы Аквариума и БГ	https://old.aquarium.ru/discography/tabu213.html
Радио Африка	1983	studio	Естественные Альбомы Аквариума и БГ	https://old.aquarium.ru/discography/radio_afri214.html
Ихтиология	1984	studio	Естественные Альбомы Аквариума и БГ	https://old.aquarium.ru/discography/ihtiologiy215.html
День Серебра	1984	studio	Естественные Альбомы Аквариума и БГ	https://old.aquarium.ru/discography/den_serebr216.html
Дети Декабря	1985	studio	Естественные Альбомы Аквариума и БГ	https://old.aquarium.ru/discography/deti_dekab217.html
Десять стрел	1986	studio	Естественные Альбомы Аквариума и БГ	https://old.aquarium.ru/discography/desyat_str218.html
Равноденствие	1987	studio	Естественные Альбомы Аквариума и БГ	https://old.aquarium.ru/discography/ravnodenst219.html
Наша Жизнь с Точки Зрения Деревьев	1987	studio	Естественные Альбомы Аквариума и БГ	https://old.aquarium.ru/discography/our_life.html
Феодализм	1989	studio	Естественные Альбомы Аквариума и БГ	https://old.aquarium.ru/discography/feodalizm.html
Русский альбом	1992	studio	Естественные Альбомы Аквариума и БГ	https://old.aquarium.ru/discography/russkij_al224.html
Любимые песни Рамзеса IV	1993	studio	Естественные Альбомы Аквариума и БГ	https://old.aquarium.ru/discography/lyubimye_p231.html
Пески Петербурга	1994	studio	Естественные Альбомы Аквариума и БГ	https://old.aquarium.ru/discography/peski_pete232.html
Кострома mon amour	1994	studio	Естественные Альбомы Аквариума и БГ	https://old.aquarium.ru/discography/kostroma_m235.html
Навигатор	1995	studio	Естественные Альбомы Аквариума и БГ	https://old.aquarium.ru/discography/navigator242.html
Снежный лев	1996	studio	Естественные Альбомы Аквариума и БГ	https://old.aquarium.ru/discography/snezhnyj_l227.html
Гиперборея	1997	studio	Естественные Альбомы Аквариума и БГ	https://old.aquarium.ru/discography/giperborey248.html
Лилит	1997	studio	Естественные Альбомы Аквариума и БГ	https://old.aquarium.ru/discography/lilit268.html
	1999	studio	Естественные Альбомы Аквариума и БГ	https://old.aquarium.ru/discography/psy.html
Сестра Хаос	2002	studio	Естественные Альбомы Аквариума и БГ	https://old.aquarium.ru/discography/sestra_chaos.html
Песни рыбака	2003	studio	Естественные Альбомы Аквариума и БГ	https://old.aquarium.ru/discography/pesni_rybaka.html
ZOOM ZOOM ZOOM	2005	studio	Естественные Альбомы Аквариума и БГ	https://old.aquarium.ru/discography/zoom_zoom_zoom.html
Беспечный русский бродяга	2006	studio	Естественные Альбомы Аквариума и БГ	https://old.aquarium.ru/discography/brodyaga.html
Лошадь Белая	2008	studio	Естественные Альбомы Аквариума и БГ	https://old.aquarium.ru/discography/white_horse.html
Пушкинская 10	2009	studio	Естественные Альбомы Аквариума и БГ	https://old.aquarium.ru/discography/pushkinskaya10.html
Архангельск	2011	studio	Естественные Альбомы Аквариума и БГ	https://old.aquarium.ru/discography/archangelsk.html
Аквариум +	2013	studio	Естественные Альбомы Аквариума и БГ	https://old.aquarium.ru/discography/aquarium_plus.html
Соль	2014	studio	Естественные Альбомы Аквариума и БГ	https://old.aquarium.ru/discography/salt.html
Время N	2018	studio	Естественные Альбомы Аквариума и БГ	https://old.aquarium.ru/discography/vremyaN.html
Radio Silence	1989	single	Синглы	https://old.aquarium.ru/discography/radio_sile1064.html
The Postcard	1989	single	Синглы	https://old.aquarium.ru/discography/postcard.html
Древнерусская тоска	1996	single	Синглы	https://old.aquarium.ru/discography/drevneruss261.html
Некоторые Женятся (А Некоторые - Так)	1997	single	Синглы	https://old.aquarium.ru/discography/nekotorye_269.html
Скорбец	1999	single	Синглы	https://old.aquarium.ru/discography/skorbets1070.html
Рождественская ночь	2010	single	Синглы	https://old.aquarium.ru/discography/christmas_night.html
Тайный узбек	2010	single	Синглы	https://old.aquarium.ru/discography/tajnyj_uzbek.html
Славное Море Священный Байкал	2011	single	Синглы	https://old.aquarium.ru/discography/baikal.html
На ход ноги	2011	single	Синглы	https://old.aquarium.ru/discography/nhn_single.html
Красная Река	2011	single	Синглы	https://old.aquarium.ru/discography/redriver_single.html
Новогодний сингл	2012	single	Синглы	https://old.aquarium.ru/discography/newyear12_single.html
Цветы на Огороде	2012	single	Синглы	https://old.aquarium.ru/discography/cvety_single.html
Расти, борода, расти	2012	single	Синглы	https://old.aquarium.ru/discography/boroda_single.html
Фавн	2012	single	Синглы	https://old.aquarium.ru/discography/favn_single.html
Too Far Away From Here	1998	single	Синглы	https://old.aquarium.ru/discography/too_far_away_single.html
Хавай меня хавай	2013	single	Синглы	https://old.aquarium.ru/discography/havay_single.html
БГ. Праздник Урожая	2014	single	Синглы	https://old.aquarium.ru/discography/harvest.html
Палёное виски и толчёный мел	2015	single	Синглы	https://old.aquarium.ru/discography/whiskey.html
Песни Нелюбимых	2016	single	Синглы	https://old.aquarium.ru/discography/unloved.html
Пегги Поршень	2017	single	Синглы	https://old.aquarium.ru/discography/peggy_porshen.html
Двери Травы	2017	single	Синглы	https://old.aquarium.ru/discography/dveri_travy.html
Бой-баба	2018	single	Синглы	https://old.aquarium.ru/discography/boi-baba.html
Radio Silence (Англоязычные Альбомы)	1989	studio	Англоязычные Альбомы	https://old.aquarium.ru/discography/radio_sile220.html
Radio London	1990	studio	Англоязычные Альбомы	https://old.aquarium.ru/discography/radio_lond243.html
Искушение Святого Аквариума	1973	studio	Альбомы 70-х лет	https://old.aquarium.ru/discography/iskushenie206.html
Притчи Графа Диффузора	1974	studio	Альбомы 70-х лет	https://old.aquarium.ru/discography/pritchi_gr207.html
С той стороны зеркального стекла	1976	studio	Альбомы 70-х лет	https://old.aquarium.ru/discography/s_toj_stor208.html
Все братья - сестры	1978	studio	Альбомы 70-х лет	https://old.aquarium.ru/discography/vse_bratya209.html
История "Аквариума". Архив, т.3	1991	compilation	Антологии	https://old.aquarium.ru/discography/istoriya_a222.html
Библиотека Вавилона	1993	compilation	Антологии	https://old.aquarium.ru/discography/biblioteka223.html
Кунсткамера	1998	compilation	Антологии	https://old.aquarium.ru/discography/kunstkamer279.html
Воздухоплавание в Компаниии Сфинксов	2012	compilation	Антологии	https://old.aquarium.ru/discography/vozduhoplavanie.html
Тайная История Пчеловодства	2012	compilation	Антологии	https://old.aquarium.ru/discography/pchelovodstvo.html
Symphonia БГ	2017	compilation	Антологии	https://old.aquarium.ru/discography/symphonia.html
Квартет Анны Карениной. "Задушевные песни"	1994	other	Aquarium Incognito	https://old.aquarium.ru/discography/kvartet_an239.html
Russian-Abyssinian Orchestra. "Bardo"	1997	other	Aquarium Incognito	https://old.aquarium.ru/discography/russianaby257.html
Террариум. "Пятиугольный грех"	2000	other	Aquarium Incognito	https://old.aquarium.ru/discography/pentagon.html
Семеро Из Под Камней. "Сюита Ф"	2014	other	Aquarium Incognito	https://old.aquarium.ru/discography/suita_f.html
Террариум. "3 = 8"	2015	other	Aquarium Incognito	https://old.aquarium.ru/discography/3_ravno_8.html
Арокс и Штер	1982	live	Концертные Записи	https://old.aquarium.ru/discography/aroks_i_sh245.html
Аквариум. Десять лет	1982	live	Концертные Записи	https://old.aquarium.ru/discography/a10let.html
Электрошок	1982	live	Концертные Записи	https://old.aquarium.ru/discography/elektrosho225.html
Записки о Флоре и Фауне	1982	live	Концертные Записи	https://old.aquarium.ru/discography/flora_fauna.html
БГ (стихи, песни)	1984	live	Концертные Записи	https://old.aquarium.ru/discography/bg_stihi_p205.html
Аквариум на Таганке	1984	live	Концертные Записи	https://old.aquarium.ru/discography/akvarium_n237.html
Письма капитана Воронина	1991	live	Концертные Записи	https://old.aquarium.ru/discography/pisma_kapi230.html
Визит В Москву	1993	live	Концертные Записи	https://old.aquarium.ru/discography/vizitvmo.html
Центр Циклона	1995	live	Концертные Записи	https://old.aquarium.ru/discography/tsentr_tsi287.html
Сезон Для Змей	1996	live	Концертные Записи	https://old.aquarium.ru/discography/sezon.html
Двадцать лет спустя	1996	live	Концертные Записи	https://old.aquarium.ru/discography/dvadtsat_l265.html
Аквариум-25. История	1997	live	Концертные Записи	https://old.aquarium.ru/discography/akvarium25266.html
Молитва и Пост	1998	live	Концертные Записи	https://old.aquarium.ru/discography/molitva_i_294.html
Зомбияйц	1998	live	Концертные Записи	https://old.aquarium.ru/discography/zombiyaic.html
Оракул Божественной Бутылки	1998	live	Концертные Записи	https://old.aquarium.ru/discography/orakul_live.html
Аквариум International	2008	live	Концертные Записи	https://old.aquarium.ru/discography/international_live.html
День Радости	2009	live	Концертные Записи	https://old.aquarium.ru/discography/den_radosti_live.html
Акустические концерты	2013	live	Концертные Записи	https://old.aquarium.ru/discography/2013_live_123.html
Песни А. Вертинского	1994	other	Записи БГ на стороне	https://old.aquarium.ru/discography/pesni_a_ve234.html
Чубчик	1996	other	Записи БГ на стороне	https://old.aquarium.ru/discography/chubchik241.html
Песни Б. Окуджавы	1999	other	Записи БГ на стороне	https://old.aquarium.ru/discography/pesni_b_ok1071.html
Прибежище (Refuge)	1998	other	Записи БГ на стороне	https://old.aquarium.ru/discography/pribezhits292.html
Переправа (Bardo)	2002	other	Записи БГ на стороне	https://old.aquarium.ru/discography/bardo2.html
Без слов	2004	other	Записи БГ на стороне	https://old.aquarium.ru/discography/bezslov.html
Эксерсизы	1983	other	Кооперация	https://old.aquarium.ru/discography/eksersizy1010.html
Курехин-БГ. Безумные соловьи русского леса	1985	other	Кооперация	https://old.aquarium.ru/discography/kurehinbg_260.html
Подземная Культура	1986	other	Кооперация	https://old.aquarium.ru/discography/podzemnaya1011.html
Детский Альбом	1996	other	Кооперация	https://old.aquarium.ru/discography/detskij_al1018.html
БГ + Deadушки	1998	other	Кооперация	https://old.aquarium.ru/discography/bg__deadus1012.html
Асса	1987	other	Киномузыка	https://old.aquarium.ru/discography/assa226.html
Черная роза - эмблема печали, красная роза - эмблема любви	1990	other	Киномузыка	https://old.aquarium.ru/discography/chernaya_r221.html
Фильмография	2000	other	Киномузыка	https://old.aquarium.ru/discography/filmograph.html
40:0 в пользу БГ	1998	other	Мультимедиа	https://old.aquarium.ru/discography/400_v_polz293.html
Аквариум-25	1998	other	Мультимедиа	https://old.aquarium.ru/discography/akvarium25277.html
Кольцо Времени	1998	other	Мультимедиа	https://old.aquarium.ru/discography/koltso_vre276.html
Песни Шахматистов Прошлого Столетия	2001	other	Мультимедиа	https://old.aquarium.ru/discography/chessongs.html
Аквариум. Тур	2007	other	Мультимедиа	https://old.aquarium.ru/discography/tour.html
Скоро кончится век	1980	compilation	Компиляции	https://old.aquarium.ru/discography/skoro_konc228.html
Boris Grebenchikov & Aquarium	1994	compilation	Компиляции	https://old.aquarium.ru/discography/boris_greb236.html
Хрестоматия (1980-87)	1997	compilation	Компиляции	https://old.aquarium.ru/discography/hrestomati256.html
Легенды Русского Рока. "Аквариум"	1998	compilation	Компиляции	https://old.aquarium.ru/discography/legendy_ru288.html
20 Лучших Песен. Хрестоматия. Версия 1.1	1999	compilation	Компиляции	https://old.aquarium.ru/discography/20best.html
20 Избранных Песен. Хрестоматия. Версия 1.2	1999	compilation	Компиляции	https://old.aquarium.ru/discography/20selected.html
Золотая Коллекция. Хрестоматия. Версия 1.3	1999	compilation	Компиляции	https://old.aquarium.ru/discography/goldcoll.html
Лучшие Песни	1999	compilation	Компиляции	https://old.aquarium.ru/discography/best3cd.html
Russian Songwriter	2002	compilation	Компиляции	https://old.aquarium.ru/discography/songwriter.html
Территория	2000	compilation	Компиляции	https://old.aquarium.ru/discography/territory.html
50БГ	2003	compilation	Компиляции	https://old.aquarium.ru/discography/50bg.html
Аквариум. Reggae	2005	compilation	Компиляции	https://old.aquarium.ru/discography/reggae.html
Аквариум. Песни о любви	2006	compilation	Компиляции	https://old.aquarium.ru/discography/pesni_o_lubvi.html
Аквариум. XXI век	2012	compilation	Компиляции	https://old.aquarium.ru/discography/21.html
Greatest Hits	2015	compilation	Компиляции	https://old.aquarium.ru/discography/greatest_hits.html
Аквариум (Белый Альбом)	1987	other	Винил	https://old.aquarium.ru/discography/akvarium_b250.html
Жажда	1987	other	Винил	https://old.aquarium.ru/discography/zhazhda249.html
Искусство Быть Смирным	1988	other	Винил	https://old.aquarium.ru/discography/iskusstvo.html
Капитан Африка	1988	other	Винил	https://old.aquarium.ru/discography/kapitanaf.html
Однажды в Рок-клубе	1991	other	Винил	https://old.aquarium.ru/discography/rockclub.html
Майк "Сладкая N и Другие"	1980	other	Друзья Просили Подпеть	https://old.aquarium.ru/discography/sweetn.html
Кино. "45"	1982	other	Друзья Просили Подпеть	https://old.aquarium.ru/discography/kino45.html
Майк. "LV"	1982	other	Друзья Просили Подпеть	https://old.aquarium.ru/discography/lv.html
Кино. "Начальник Камчатки"	1984	other	Друзья Просили Подпеть	https://old.aquarium.ru/discography/kamchatka.html
Shakespear's Sister. "Sacred Heart"	1989	other	Друзья Просили Подпеть	https://old.aquarium.ru/discography/shakes.html
Машина Времени. "В Круге Света"	1990	other	Друзья Просили Подпеть	https://old.aquarium.ru/discography/mashina_vr1030.html
Адо "Золотые Орехи"	1992	other	Друзья Просили Подпеть	https://old.aquarium.ru/discography/ado.html
Наутилус Помпилиус. "Титаник на Фонтанке"	1993	other	Друзья Просили Подпеть	https://old.aquarium.ru/discography/nautilus_p238.html
Чиж и Co. "Чиж"	1993	other	Друзья Просили Подпеть	https://old.aquarium.ru/discography/chizh_i_co1066.html
Митьки. "Раскинулось Море Широко"	1996	other	Друзья Просили Подпеть	https://old.aquarium.ru/discography/mitki_rask.html
Митьки. "Митьковские Песни"	1996	other	Друзья Просили Подпеть	https://old.aquarium.ru/discography/mitki_pesn.html
Kate St John. "Second Sight"	1997	other	Друзья Просили Подпеть	https://old.aquarium.ru/discography/kate_st_jo1068.html
Митьки. "На море танки грохотали"	1997	other	Друзья Просили Подпеть	https://old.aquarium.ru/discography/mitki_na_m252.html
Наутилус Помпилиус. "Яблокитай"	1997	other	Друзья Просили Подпеть	https://old.aquarium.ru/discography/nautilus_p253.html
Наутилус Помпилиус. "Отчет 1983-1993"	1993	other	Tributes или Дань Любви и Уважения	https://old.aquarium.ru/discography/nau.html
Митьки. "Митьковская тишина"	1995	other	Tributes или Дань Любви и Уважения	https://old.aquarium.ru/discography/mitki_mitk240.html
Парк МАЙКского периода	1997	other	Tributes или Дань Любви и Уважения	https://old.aquarium.ru/discography/park_majks1069.html
Кинопробы, часть 2	2000	other	Tributes или Дань Любви и Уважения	https://old.aquarium.ru/discography/kinoproby.html
Машинопись	2009	other	Tributes или Дань Любви и Уважения	https://old.aquarium.ru/discography/mashinopis.html
Исполнение Разрешено	1984	other	Участие в Массовых Мероприятиях (Свальный Грех)	https://old.aquarium.ru/discography/ispolnenie291.html
Red Wave	1986	other	Участие в Массовых Мероприятиях (Свальный Грех)	https://old.aquarium.ru/discography/red_wave233.html
Звуки Северной Столицы	1995	other	Участие в Массовых Мероприятиях (Свальный Грех)	https://old.aquarium.ru/discography/zvukisev.html
101 Хит. Выпуск 3	1996	other	Участие в Массовых Мероприятиях (Свальный Грех)	https://old.aquarium.ru/discography/101hit.html
Союз-19	1997	other	Участие в Массовых Мероприятиях (Свальный Грех)	https://old.aquarium.ru/discography/souz19.html
Зоопарк Русского Рока	1998	other	Участие в Массовых Мероприятиях (Свальный Грех)	https://old.aquarium.ru/discography/zoopark.html
"FuzzBox No.4"	1998	other	Участие в Массовых Мероприятиях (Свальный Грех)	https://old.aquarium.ru/discography/fuzzn4.html
"FuzzBox No.6"	1998	other	Участие в Массовых Мероприятиях (Свальный Грех)	https://old.aquarium.ru/discography/fuzzn6.html
Sundari. "A Jivamukti Yoga Class"	1999	other	Участие в Массовых Мероприятиях (Свальный Грех)	https://old.aquarium.ru/discography/sundari.html
Питерские Рок-Фестивали	1999	other	Участие в Массовых Мероприятиях (Свальный Грех)	https://old.aquarium.ru/discography/rockfest.html
Мир В Наших Руках	1999	other	Участие в Массовых Мероприятиях (Свальный Грех)	https://old.aquarium.ru/discography/mirvnash.html
FuzzBox No.9	2000	other	Участие в Массовых Мероприятиях (Свальный Грех)	https://old.aquarium.ru/discography/fuzzn9.html
Ателье Искусств	2001	other	Участие в Массовых Мероприятиях (Свальный Грех)	https://old.aquarium.ru/discography/atelie.html
MCI	1984	compilation	Чужие Сборники	https://old.aquarium.ru/discography/mci278.html
Boris Grebenshikov "Interchords Featuring"	1989	compilation	Чужие Сборники	https://old.aquarium.ru/discography/interchords.html
Greenpeace Rocks	1993	compilation	Чужие Сборники	https://old.aquarium.ru/discography/greenpeace229.html
Музыка кино Сергея Соловьева	1997	compilation	Чужие Сборники	https://old.aquarium.ru/discography/muzyka_kin258.html
Русский Характер	1997	compilation	Чужие Сборники	https://old.aquarium.ru/discography/ruschar.html
Песни Про Пиво и Не Только	1998	compilation	Чужие Сборники	https://old.aquarium.ru/discography/pivo.html
Брат-2, музыка к фильму	2000	compilation	Чужие Сборники	https://old.aquarium.ru/discography/brat2.html
Отвязанные И Привязанные	2000	compilation	Чужие Сборники	https://old.aquarium.ru/discography/weird.html
"Stereo&Video" No.8	2001	compilation	Чужие Сборники	https://old.aquarium.ru/discography/stereomag.html
Сергей Курехин в "Аквариуме"	2012	compilation	Чужие Сборники	https://old.aquarium.ru/discography/kurekhin_aquarium.html
Река Оккервиль	2002	other	Индивидуальное творчество	https://old.aquarium.ru/discography/george_reka.html
"Трилистник". Матросская тишина	1989	other	Индивидуальное творчество	https://old.aquarium.ru/discography/trilistnik_tishina.html
"Трилистник". Музыка средиземья	1991	other	Индивидуальное творчество	https://old.aquarium.ru/discography/trilistnik_musyka.html
Дюша Романов. Музыка для кино	2000	other	Индивидуальное творчество	https://old.aquarium.ru/discography/dusha_musyka_kino.html
Дюша Романов. Песня о трилистнике	2001	other	Индивидуальное творчество	https://old.aquarium.ru/discography/dusha.html
Ностальгия по холодному пиву	1991	other	Индивидуальное творчество	https://old.aquarium.ru/discography/liapin_pivo.html
Анабасис	1996	other	Индивидуальное творчество	https://old.aquarium.ru/discography/vo_anabasis.html
Византия	1999	other	Индивидуальное творчество	https://old.aquarium.ru/discography/vo_vizantia.html
Тайные записки международного лейтенанта	1995	other	Индивидуальное творчество	https://old.aquarium.ru/discography/zubarev_zapiski.html
Рапсодия для воды	1997	other	Индивидуальное творчество	https://old.aquarium.ru/discography/rapsodiya_289.html
Подполье	2001	other	Индивидуальное творчество	https://old.aquarium.ru/discography/chuzhie_podpolie.html
Сказки северного индейца Онно	1994	other	Индивидуальное творчество	https://old.aquarium.ru/discography/gonch_skazki.html
Любимая игрушка	1995	other	Индивидуальное творчество	https://old.aquarium.ru/discography/gonch.html
В гости К нам	1997	other	Индивидуальное творчество	https://old.aquarium.ru/discography/vgosti.html
Самый лучший день	1999	other	Индивидуальное творчество	https://old.aquarium.ru/discography/gonch_luchshij.html
Цок-цок, еду я	2009	other	Индивидуальное творчество	https://old.aquarium.ru/discography/gonch_edu_ya.html
Sputnik	2005	other	Индивидуальное творчество	https://old.aquarium.ru/discography/svetlov_sputnik.html
Мечта балерины	1992	other	Индивидуальное творчество	https://old.aquarium.ru/discography/pershina_mechta.html
В объятиях джинсни. Иннокентий.	1997	other	Индивидуальное творчество	https://old.aquarium.ru/discography/olga_persh259.html
