# Страница http://auktyon.ru/teksty.html (официальный сайт группы, 28.09.2026): альбом, как в Song.album (текст ссылки без года), год из той же ссылки.
# kind — по разделу «Дискография» статьи ru.wikipedia «АукцЫон», oldid=154894994 (28.09.2026), и по архиву дискографии группы http://www.auktyon.com/cd/ (web.archive.org, снимки 2006 г.).
# Альбомы после 2000 г. (строки с пометкой txt-song.ru) на сайте группы отсутствуют: тексты с https://txt-song.ru/artist/auktsyon (28.09.2026), альбом и год — по ВП. «Сокровище» (2025) не добавлен: текстов нет ни на одном доступном сайте.
# kind: studio, live, other. ВП = Википедия; auktyon.com = архив дискографии группы.
album	year	kind	note
Вернись в Сорренто	1986	studio	
Д'обсервер	1986	live	ВП: «Д’обсервер», концертная запись; на сайте только песни, которых нет на «Вернись в Сорренто»
Как я стал предателем	1989	studio	
В Багдаде всё спокойно	1989	studio	
Жопа	1990	studio	
Бодун	1991	studio	
Чайник вина	1992	studio	ВП: раздел «Хвост и АукцЫон»; стихи А. Хвостенко и А. Волохонского
Птица	1994	studio	ВП: вышел в 1993 г. и в 1994 г. с другим мастерингом
Жилец вершин	1995	studio	ВП: раздел «Хвост и АукцЫон»; стихи В. Хлебникова
Зимы не будет	2000	other	auktyon.com/cd/zima.htm: Л. Фёдоров, С. Курашов, В. Волков, тексты Д. Озерского (13-й трек — А. Волохонского, на сайте его нет); в дискографии ВП «АукцЫон» этого альбома нет (есть одноимённый сингл 1999 г.)
Это мама	2002	studio	txt-song.ru; ВП: студийные альбомы, «старый и новый материал „живьём“ в студии»; треклист — ВП «Это мама», oldid=154553547
Девушки поют	2007	studio	txt-song.ru; треклист — ВП «Девушки поют», oldid=152820442
Юла	2011	studio	txt-song.ru; треклист — ВП «Юла (альбом)», oldid=154567664
На солнце	2016	studio	txt-song.ru; ВП: «На Солнце»; треклист — ВП «На солнце», oldid=154994606
Мечты	2020	studio	txt-song.ru; треклист — ВП «Мечты (альбом)», oldid=152370854
