# Песни «АукцЫона» с http://auktyon.ru/teksty.html, слова которых не только (или не) Д. Озерского. Проверено 28.09.2026.
# Песни после 2000 г. — с txt-song.ru, title — как в треклисте ВП (константа LATER_ALBUMS). «Заведующий (Копорье)» оставлен Озерскому: ВП «Четыресполовинойтонны» (oldid=153614399) — тексты Озерского, кроме отмеченных, эта песня не отмечена.
# title — как в Song.title на сайте. Источники: статьи ru.wikipedia об альбомах (oldid ниже), архив дискографии группы www.auktyon.com/cd/*.htm (web.archive.org, 2006) и архив сайта Л. Фёдорова www.leonidfedorov.ru (web.archive.org, 2011).
# Спорные случаи исключены осторожно, пометка «спор» в source.
title	lyricist	source
Вернись в Сорренто	Джамбаттиста де Куртис; русский перевод Эмилии Александровой	ВП «Вернись в Сорренто (альбом)» (oldid=139059518); auktyon.com/cd/sorrento.htm
Torna A Surriento	Джамбаттиста де Куртис	ВП «Д’обсервер» (oldid=149598299)
Чудный вечер	Леонид Фёдоров	ВП «Вернись в Сорренто (альбом)» (oldid=139059518); auktyon.com/cd/sorrento.htm
Книга учета жизни	Олег Гаркуша	ВП «Вернись в Сорренто (альбом)» (oldid=139059518); auktyon.com/cd/sorrento.htm
Волчица	Дмитрий Озерский, Олег Гаркуша	ВП «Вернись в Сорренто (альбом)» (oldid=139059518); auktyon.com/cd/sorrento.htm
Деньги это бумага	Олег Гаркуша	ВП «Вернись в Сорренто (альбом)» (oldid=139059518); auktyon.com/cd/sorrento.htm
Что делать	Поль Элюар	ВП «Вернись в Сорренто (альбом)» (oldid=139059518); auktyon.com/cd/sorrento.htm
Рабочее утро	неизвестный поэт	ВП «Вернись в Сорренто (альбом)» (oldid=139059518); auktyon.com/cd/sorrento.htm
Панковский сон	Олег Гаркуша	ВП «Д’обсервер» (oldid=149598299); auktyon.com/cd/dobserver.htm
Я не пример для подражания	Олег Гаркуша	ВП «Д’обсервер» (oldid=149598299); auktyon.com/cd/dobserver.htm
Телега	Олег Гаркуша	ВП «Д’обсервер» (oldid=149598299); auktyon.com/cd/dobserver.htm
Любовь на эскалаторе	Олег Гаркуша	ВП «Д’обсервер» (oldid=149598299); auktyon.com/cd/dobserver.htm
На льдине	Олег Гаркуша	ВП «Д’обсервер» (oldid=149598299); auktyon.com/cd/dobserver.htm
Стихи О. Гаркуши	Олег Гаркуша	заголовок на auktyon.ru/text/observer.html; ВП «Д’обсервер» (oldid=149598299), трек 18
*  *  *	Олег Гаркуша	раздел «Стихи О. Гаркуши» на auktyon.ru/text/observer.html
Краски	Олег Гаркуша	раздел «Стихи О. Гаркуши» на auktyon.ru/text/observer.html
Мальчик как мальчик	Олег Гаркуша	спор: ВП «Как я стал предателем» (oldid=147327503) — Гаркуша; auktyon.com/cd/predatel.htm и leonidfedorov.ru/traitor.htm — Озерский
Полька (Сосет)	Олег Гаркуша	ВП «Как я стал предателем» (oldid=147327503); auktyon.com/cd/predatel.htm; leonidfedorov.ru/traitor.htm
Осколки	Дмитрий Озерский, Олег Гаркуша	спор: ВП «Как я стал предателем» (oldid=147327503) — оба; auktyon.com/cd/predatel.htm и leonidfedorov.ru/traitor.htm — Озерский
Вечер мой	неизвестен	ВП «Как я стал предателем» (oldid=147327503); auktyon.com/cd/predatel.htm: «информация отсутствует»
Бомбы	Олег Гаркуша	ВП «Как я стал предателем» (oldid=147327503); auktyon.com/cd/predatel.htm; leonidfedorov.ru/traitor.htm
Колпак	Олег Гаркуша	спор: ВП «Жопа (альбом)» (oldid=152794207) — Гаркуша, кроме «Ябеды»; auktyon.com/cd/zhopa.htm и leonidfedorov.ru/assh.htm — «Озерский и Гаркуша» без разбивки
Немой	Олег Гаркуша	спор: как «Колпак»
Пионер	Олег Гаркуша	спор: как «Колпак»
Боюсь	Олег Гаркуша	спор: как «Колпак»
Самолет	Олег Гаркуша	спор: как «Колпак»
Любовь	Олег Гаркуша	спор: как «Колпак»
Вру	Олег Гаркуша	спор: как «Колпак»
Выжить	Олег Гаркуша	спор: как «Колпак»
Убьют	Олег Гаркуша	спор: как «Колпак»
Орландина	Алексей Хвостенко, Анри Волохонский	ВП «Чайник вина» (oldid=154223334), all_lyrics; auktyon.ru/teksty.html
И ночь, и день	Алексей Хвостенко, Анри Волохонский	ВП «Чайник вина» (oldid=154223334)
Тайна	Алексей Хвостенко, Анри Волохонский	ВП «Чайник вина» (oldid=154223334)
Слепой	Алексей Хвостенко, Анри Волохонский	ВП «Чайник вина» (oldid=154223334)
Чайник вина	Алексей Хвостенко, Анри Волохонский	ВП «Чайник вина» (oldid=154223334)
Дети	Алексей Хвостенко, Анри Волохонский	ВП «Чайник вина» (oldid=154223334)
Внутри собаки	Алексей Хвостенко, Анри Волохонский	ВП «Чайник вина» (oldid=154223334)
Конь унес любимого	Алексей Хвостенко, Анри Волохонский	ВП «Чайник вина» (oldid=154223334)
Не вижу птиц	Алексей Хвостенко, Анри Волохонский	ВП «Чайник вина» (oldid=154223334)
Милая моя	Алексей Хвостенко, Анри Волохонский	ВП «Чайник вина» (oldid=154223334)
Мы всех лучше	Алексей Хвостенко, Анри Волохонский	ВП «Чайник вина» (oldid=154223334)
Птица	Олег Гаркуша	ВП «Птица (альбом)» (oldid=151714018); auktyon.com/cd/ptitsa.htm
Уши	Олег Гаркуша	ВП «Птица (альбом)» (oldid=151714018); auktyon.com/cd/ptitsa.htm
Мешок	Велимир Хлебников	ВП «Жилец вершин» (oldid=154441930); auktyon.com/cd/zhilec.htm
Бобэоби	Велимир Хлебников	ВП «Жилец вершин» (oldid=154441930); auktyon.com/cd/zhilec.htm
Благовест ума	Велимир Хлебников	ВП «Жилец вершин» (oldid=154441930); auktyon.com/cd/zhilec.htm
Иверни выверни	Велимир Хлебников	ВП «Жилец вершин» (oldid=154441930); auktyon.com/cd/zhilec.htm
Три и два	Велимир Хлебников	ВП «Жилец вершин» (oldid=154441930); auktyon.com/cd/zhilec.htm
Призраки	Велимир Хлебников	ВП «Жилец вершин» (oldid=154441930); auktyon.com/cd/zhilec.htm
Гроб	Велимир Хлебников	ВП «Жилец вершин» (oldid=154441930); auktyon.com/cd/zhilec.htm
Утопленники	Велимир Хлебников	ВП «Жилец вершин» (oldid=154441930); auktyon.com/cd/zhilec.htm
Могатырь	Велимир Хлебников	ВП «Жилец вершин» (oldid=154441930); auktyon.com/cd/zhilec.htm
Кузнечик	Велимир Хлебников	ВП «Жилец вершин» (oldid=154441930); auktyon.com/cd/zhilec.htm
Боги I	Велимир Хлебников	ВП «Жилец вершин» (oldid=154441930); auktyon.com/cd/zhilec.htm
Чудовище	Велимир Хлебников	ВП «Жилец вершин» (oldid=154441930); auktyon.com/cd/zhilec.htm
Боги II	Велимир Хлебников	ВП «Жилец вершин» (oldid=154441930); auktyon.com/cd/zhilec.htm
Нега-неголь	Велимир Хлебников	ВП «Жилец вершин» (oldid=154441930); auktyon.com/cd/zhilec.htm
Веселое место	Велимир Хлебников	ВП «Жилец вершин» (oldid=154441930); auktyon.com/cd/zhilec.htm
Якоря	неизвестен	ВП «Это мама» (oldid=154553547) и auktyon.com/cd/mama.htm авторов по песням не дают; в более ранних альбомах песни нет
О погоде	неизвестен	ВП «Это мама» (oldid=154553547) и auktyon.com/cd/mama.htm авторов по песням не дают; в более ранних альбомах песни нет
Долги	Дмитрий Озерский, Олег Гаркуша	ВП «Девушки поют» (oldid=152820442): в песню вошло стихотворение Гаркуши «Доброта»; auktyon.com/cd/devushki.htm: «Д.Озерский, кроме „Доброта“ — О.Гаркуша»
Природа	Олег Гаркуша	ВП «Юла (альбом)» (oldid=154567664)
Кожаный	Олег Гаркуша	ВП «Юла (альбом)» (oldid=154567664)
Карандаши и палочки	Олег Гаркуша	ВП «Юла (альбом)» (oldid=154567664)
Юла	Дмитрий Поляков	ВП «Юла (альбом)» (oldid=154567664)
Затаись и жди	Олег Гаркуша	ВП «Мечты (альбом)» (oldid=152370854): «Тексты всех песен — Д.Озерский, кроме 6, автор — О.Гаркуша»
