# А. Башлачёв, «Как по лезвию» (М.: Время, 2006), раздел «Комментарии»: дата написания как в книге.
# year — последний год, названный в дате (для диапазонов — год окончания). title совпадает с Song.title в data/songs/bashlachev.jsonl.
title	date	year
И труд нелеп, и бестолкова праздность,	август 1987	1987
Время колокольчиков	сентябрь 1984	1984
Лихо	октябрь 1984	1984
Мельница	март 1985	1985
Черные дыры	сентябрь 1984	1984
Абсолютный вахтер	май 1985	1985
Некому березу заломати	октябрь 1984	1984
Зимняя сказка	октябрь 1984	1984
Петербургская свадьба	ноябрь 1985	1985
Все от винта!	апрель 1985	1985
Спроси, звезда	март 1985	1985
Имя имен	март 1986	1986
Вечный пост	март 1986	1986
Тесто	январь 1986	1986
Пляши в огне	апрель 1986	1986
В чистом поле — дожди	январь 1986	1986
Случай в Сибири	январь 1986	1986
Верка, Надька, Любка	январь 1986	1986
Слыша В. С. Высоцкого (триптих)	январь 1986	1986
Хозяйка	1983	1983
Слет-симпозиум	сентябрь 1984	1984
Подвиг разведчика	сентябрь 1984	1984
Грибоедовский вальс	1983	1983
Хороший мужик	январь 1986	1986
Песенка на лесенке	весна 1986	1986
Новый год	декабрь 1983	1983
Дым коромыслом	январь 1985	1985
Мы льем свое больное семя...	1982	1982
Музыкант	1984	1984
Палата № 6	1983	1983
Прямая дорога	сентябрь 1984	1984
Осень	сентябрь 1984	1984
Минута молчания	сентябрь 1984	1984
Час прилива	1984	1984
Влажный блеск наших глаз	сентябрь 1984	1984
Ржавая вода	январь 1985	1985
Поезд	1984	1984
Похороны шута	сентябрь 1984	1984
На жизнь поэтов	январь 1986	1986
Егоркина былина	февраль — сентябрь 1985	1985
Перекур	декабрь 1985	1985
Как ветра осенние	декабрь 1985	1985
Когда мы вместе	март 1986	1986
Рождественская	октябрь 1984	1984
Вишня	май 1986	1986
Сядем рядом...	декабрь 1985	1985
Когда мы вдвоем	апрель 1986	1986
Посошок	сентябрь 1985	1985
Ванюша	октябрь 1985 — январь 1986	1986
Все будет хорошо	январь 1986	1986
Пора собираться на бал	1982	1982
О, как ты эффектна при этих свечах!	1983	1983
Трагикомический роман	1983	1983
Королева бутербродов	1983	1983
Галактическая комедия	1983	1983
Рыбный день	1983	1983
Сегодняшний день ничего не меняет	1983	1983
Не позволяй душе лениться	1984	1984
Мы высекаем искры сами	1985	1985
Целый день гулял по травам	1986	1986
Здесь тупиком кончается дорога	1980	1980
Ничего не случилось	1981	1981
Тепло, беспокойно и сыро	1981	1981
Рашид + Оля	сентябрь 1986	1986
Подымите мне веки	1984	1984
