# Архив http://ddtmusiclib.narod.ru/texts.html (проверено 27.09.2026): альбом (как в Song.album, заголовок h4 индекса) и год (якорь #albYYYY индекса).
# kind: сам сайт тип не называет; по albums.html у «Чёрный пёс Петербург» «Запись с концерта в Лужниках 12 декабря 1992г.», у «Рождённый в СССР» «1-7 запись с концерта в Минске». Типы сверены с ru.wikipedia «ДДТ (группа)» и «Дискография группы «ДДТ»» (27.09.2026): «Рождённый в СССР» статья о группе числит студийным, дискография концертным — взят live; «Просвистела» в дискографии сборник.
# Годы сайта местами расходятся с датами релиза в Википедии (Я получил эту роль 1989, Оттепель 1991, Пластун 1995, Мир номер ноль 1999); оставлен год сайта.
# kind: studio, live, compilation, other.
album	year	kind
Свинья на радуге	1982	studio
Компромисс	1983	studio
Периферия	1984	studio
Время	1985	studio
Я получил эту роль	1988	studio
Оттепель	1990	studio
Пластун	1991	studio
Актриса Весна	1992	studio
Чёрный пёс Петербург	1993	live
Это всё	1995	studio
Любовь	1996	studio
Рождённый в СССР	1997	live
Мир номер ноль	1998	studio
Просвистела	1999	compilation
Метель августа	2000	studio
