# Авторство со страницы http://ddtmusiclib.narod.ru/albums.html (проверено 27.09.2026); на страницах текстов авторов нет.
# credit — строка страницы дословно; title пуст = весь альбом, строка с title перекрывает альбомную.
# lyricist — только если строка прямо называет автора слов/текстов; голое «автор» в списке состава (2000, 1997, 1990, 1985) не уточняет, слова или музыка, поэтому lyricist пуст.
# Не указано ничего: Просвистела, Мир номер ноль, Компромисс. Строка «Сигачёв В.- ... музыка ("Псалм")» (1985) опущена: «Псалма» в архиве текстов нет.
album	title	credit	lyricist
Метель августа		Шевчук Ю. - вокал, гитары, ударные (8), колокола, автор	
Рождённый в СССР		Шевчук Ю. - вокал, ак. гитара, автор	
Любовь		Слова и музыка - Ю.Шевчук	Ю. Шевчук
Любовь	Онанист	Слова и музыка - Ю.Шевчук; 8 - музыка народная.	Ю. Шевчук
Это всё		Слова и музыка - Ю.Шевчук, аранжировка - группа ДДТ	Ю. Шевчук
Чёрный пёс Петербург		Слова и музыка Ю.Шевчука. Аранжировка - группа ДДТ.	Ю. Шевчук
Актриса Весна		Музыка и тексты Ю.Шевчука	Ю. Шевчук
Пластун		Слова и музыка - Ю.Шевчук.	Ю. Шевчук
Оттепель		Юрий Шевчук - автор, вокал, аккустическая гитара	
Я получил эту роль		музыка и слова Ю.Шевчука	Ю. Шевчук
Время		Шевчук Ю.- автор, гитара, вокал	
Периферия		Шевчук Ю.- тексты, музыка, гитара, вокал	Ю. Шевчук
Свинья на радуге		Автор текстов Юрий Шевчук, музыка группы ДДТ	Ю. Шевчук
Свинья на радуге	Рыба	Владимир Сигачёв автор слов и музыки "Рыба"	В. Сигачёв
