# Альбомы и годы со страницы https://dolphinfanclub.net/discography (2026-09-28); годы «Дубового Гаайъ» и список студийных альбомов по разделу «Дискография» https://ru.wikipedia.org/wiki/Дельфин_(музыкант) (oldid=154902945). kind задан вручную в SCOPE (src/rusrock/sites/delfin.py).
album	year	kind
Кто твой друг - Single	2024	single
Месть - Single	2024	single
ПРОЩАЙ ОРУЖИЕ	2023	studio
Прекрасно - Сингл	2023	single
GN-z11 - Single	2023	single
Вопросы (Из т/с "Химера) - Single	2022	single
Ладони - Single	2021	single
Иду искать - Single	2021	single
Край	2019	studio
442	2018	studio
Помни - Single	2016	single
Она	2016	studio
Мне нужен враг - Single	2015	single
Андрей (Deluxe Edition) [Remastered 2015]	2015	compilation
Андрей	2014	studio
Существо	2011	studio
Туннель	2008	audioplay
GTA IV: Vladivostok FM	2008	compilation
Юность	2007	studio
OST Жесть	2006	compilation
OST Даже не думай 2	2004	compilation
Запись концерта 19.11.04	2004	live
Звезда	2004	studio
OST Даже не думай!	2003	compilation
Сингл Глаза	2003	single
Клинское продвижение	2002	compilation
Любимые песни фанатов Дельфина	2001	compilation
Ткани	2001	studio
Плавники	2000	studio
Я буду жить	2000	live
Глубина резкости	1999	studio
Не в фокусе	1997	studio
Дубовый Гаайъ - Stop Killing Dolphins	1994	other
Дубовый Гаайъ - Синяя лирика #2	1995	other
Совместные работы и неизданное		other
