# Песни, слова которых написал не один Андрей Лысиков (Дельфин), и совместные работы без указания автора слов. Названия даны как в Song.title (dolphinfanclub.net), 28.09.2026.
# «Глаза»: трек-лист https://dolphinfanclub.net/discography/singl-glaza и статья https://ru.wikipedia.org/wiki/Звезда_(альбом) (oldid=149419271). «Решения»: https://ru.wikipedia.org/wiki/Плавники_(альбом) (oldid=151239973), раздел о записи.
# Совместные работы: страница https://dolphinfanclub.net/discography/sovmestnye-raboty-i-neizdannoe; исполнитель указан в названии, автор слов не указан. Неизданные сольные песни этой страницы («Сумерки», «Да!», «Ретро», «Душа», «Не убивай на бумаге», «Ленин в кепке», «Меня зовут Дельфин») оставлены.
title	lyricist	source
Глаза	Дельфин и Стелла Катсудас	dolphinfanclub.net singl-glaza: «музыка и слова Дельфина и Стеллы Катсудас»; ru.wikipedia «Звезда (альбом)»
Решения	текст Карлоса Кастанеды	ru.wikipedia «Плавники (альбом)»: «в ней был задействован текст Карлоса Кастанеды»
Реверс - Янтарь	не указан	совместная работа с группой «Реверс»
РЕВЕРС - Линки	не указан	совместная работа с группой «Реверс»
Дельфин и Диван (Спирали) - Хиросима	не указан	совместная работа со «Спиралями»
Дельфин и Спирали - Mister DJ	не указан	совместная работа со «Спиралями»
Дельфин и Спирали - Цель	не указан	совместная работа со «Спиралями»
Николай Басков - Прощай, любовь	не указан	песня Николая Баскова
Найк Борзов feat. Дельфин - Kingsize	не указан	песня Найка Борзова
Мальчишник feat. DJ Грув - Голосуй или проиграешь	не указан	«Мальчишник», несколько авторов текстов
Мальчишник - Нравишься ты мне	не указан	«Мальчишник», несколько авторов текстов
Мальчишник - Терминатор	не указан	«Мальчишник», несколько авторов текстов
Oxxxymiron - Чувствую	не указан	песня Oxxxymiron
