# Альбомы из поля «Альбом» страниц gr-oborona.ru/texts → год и тип. Годы — список «Дискография» на https://www.gr-oborona.ru/pub/rock/alboms.html (27.09.2026), год записи.
# Пустой год — альбома нет в этом списке (в основном проекты «Коммунизм»); тип other — не студийный альбом ГО/Летова.
album	year	kind
Поганая молодёжь	1985	studio
Оптимизм	1985	studio
Игра в бисер перед свиньями	1986	studio
Красный альбом	1987	studio
Мышеловка	1987	studio
Хорошо!!	1987	studio
Тоталитаризм	1987	studio
Некрофилия	1987	studio
Так закалялась сталь	1988	studio
Боевой стимул	1988	studio
Всё идёт по плану	1989	studio
Тошнота	1989	studio
Русское поле экспериментов	1989	studio
Здорово и вечно	1989	studio
Армагеддон-попс	1989	studio
Война	1989	studio
Песни радости и счастья	1989	studio
Посев	1989	compilation
Прыг-Скок	1990	studio
Инструкция по выживанию	1990	studio
Сто лет одиночества	1993	studio
Солнцеворот	1997	studio
Невыносимая лёгкость бытия	1997	studio
Звездопад	2002	studio
Психоделия Tomorrow	2002	studio
Долгая Счастливая Жизнь	2004	studio
Реанимация	2005	studio
Лунный переворот	2005	studio
Зачем Снятся Сны	2007	studio
