# Песни, слова которых написал не Виктор Цой. Источник: https://ru.wikipedia.org/wiki/Список_песен_Виктора_Цоя, столбец «Автор» (27.09.2026); по умолчанию автор — Цой.
# Сопоставление с сайтом без учёта регистра, ё/е и пунктуации. На kinoshnik.narod.ru из них есть только «Ария мистера X» и «Сельва».
title	lyricist	note
Анаша	народная	Википедия: «народная (предположительно)»
Ария мистера X	О. Фадеева	Ария из оперетты «Принцесса цирка», музыка И. Кальмана
Железнодорожная вода	Б. Гребенщиков	Кавер песни «Аквариума»
Постой, паровоз	народная	Википедия: «народная (предположительно)»
Пригородный блюз	М. Науменко	
Сельва	В. Болучевский	Музыка С. Курёхина; то же на странице альбома «46» на сайте
Стишок	С. Тишаков	Отрывок песни группы «Кофе»
Танкисты	народная	
Французский боцман	В. Цой, С. Курёхин	Википедия указывает обоих авторов без разделения на слова и музыку
Blood Type	Ю. Каспарян, Дж. Стингрей	Английский перевод «Группы крови»; исходный текст Цоя
Feeling	Дж. Стингрей	Музыка С. Курёхина
