# Альбом первого издания песни «Кино»: название на kinoshnik.narod.ru (Song.title в data/songs/kino.jsonl) → альбом, год.
# Альбомы: столбец «Альбом группы «Кино»» статьи https://ru.wikipedia.org/wiki/Список_песен_Виктора_Цоя (oldid=155302487), 28.09.2026.
# Годы: год издания по разделу «Дискография» статьи https://ru.wikipedia.org/wiki/Кино_(группа) (oldid=155302467), 28.09.2026.
# Из нескольких альбомов в ячейке взят самый ранний по году издания; бонус-трек переиздания записан как «<альбом> (переиздание <год>)».
# Сопоставление без учёта регистра, ё/е и пунктуации, по основному и альтернативным названиям Википедии; «совпадение по началу названия» — название Википедии есть начало названия на сайте.
# Не сопоставлены (остаются без альбома): Зима, Москва, Румба
title	album	year	note
Алюминиевые огурцы	45	1982	Википедия: «Алюминиевые огурцы»
Асфальт	45	1982	Википедия: «Я — асфальт»
Апрель	Звезда по имени Солнце	1989	Википедия: «Апрель»
Ария Мистера X	Начальник Камчатки	1984	Википедия: «Ария мистера X»
Бездельник 1	45	1982	Википедия: «Бездельник»; также 12 22
Бездельник 2	45	1982	Википедия: «Бездельник 2»
Без десяти	46	1983	Википедия: «Без десяти»
Бошетунмай	Группа крови	1988	Википедия: «Бошетунмай»
Братская любовь	Неизвестные песни	1992	Википедия: «Братская любовь»; также Любовь — это не шутка, Молнии Индры
Время есть, а денег нет	45	1982	Википедия: «Время есть, а денег нет»
Восьмиклассница	45	1982	Википедия: «Восьмиклассница»
Вопрос	История этого мира	2000	Википедия: «Вопрос»; также Последние записи, Звезда по имени Солнце (переиздание 2019), Молнии Индры
Весна	Это не любовь	1985	Википедия: «Весна»; также Неизвестные песни
Верь мне	Это не любовь	1985	Википедия: «Верь мне»
Видели ночь	Ночь	1986	Википедия: «Видели ночь»
Война	Группа крови	1988	Википедия: «Война»; также Последний герой
В наших глазах	Группа крови	1988	Википедия: «В наших глазах»; также Последний герой
Генерал	46	1983	Википедия: «Генерал»; также Начальник Камчатки, 12 22
Гость	Начальник Камчатки	1984	Википедия: «Гость»
Город	Это не любовь	1985	Википедия: «Город»
Группа крови	Группа крови	1988	Википедия: «Группа крови»; также Последний герой, „Кино“ в кино
Дерево	45	1982	Википедия: «Дерево»
Дождь для нас	46	1983	Википедия: «Дождь для нас»; также Начальник Камчатки
Дети проходных дворов	Это не любовь	1985	Википедия: «Дети проходных дворов»
Дальше действовать будем мы	Группа крови	1988	Википедия: «Дальше действовать будем мы»; также „Кино“ в кино, Любовь — это не шутка
Жизнь в стеклах витрин	Ночь	1986	совпадение по началу названия; Википедия: «Жизнь в стёклах»
Звезда	Чёрный альбом	1991	Википедия: «Звезда»
Звезды останутся здесь	Ночь	1986	Википедия: «Звёзды останутся здесь»
Закрой за мной дверь, я ухожу	Группа крови	1988	Википедия: «Закрой за мной дверь, я ухожу»; также „Кино“ в кино, Любовь — это не шутка, 12 22
Звезда по имени Солнце	Звезда по имени Солнце	1989	Википедия: «Звезда по имени Солнце»; также „Кино“ в кино
Завтра война	Чёрный альбом (переиздание 1996)	1996	Википедия: «Завтра война»
Игра	Ночь	1986	Википедия: «Игра»
Когда-то ты был битником	45	1982	Википедия: «Когда-то ты был битником»
Камчатка	46	1983	Википедия: «Камчатка»; также Начальник Камчатки
Каждую ночь	46	1983	Википедия: «Каждую ночь»; также Начальник Камчатки
Кончится лето	Чёрный альбом	1991	Википедия: «Кончится лето»
Красно-жёлтые дни	Чёрный альбом	1991	Википедия: «Красно-жёлтые дни»
Кукушка	Чёрный альбом	1991	Википедия: «Кукушка»; также 12 22
Когда твоя девушка больна	Чёрный альбом	1991	Википедия: «Когда твоя девушка больна»; также 12 22
Лето	Неизвестные песни	1992	Википедия: «Лето»
Легенда	Группа крови	1988	Википедия: «Легенда»
Любовь- это не шутка	Неизвестные песни	1992	Википедия: «Любовь — это не шутка»; также Любовь — это не шутка
Мои друзья	45	1982	Википедия: «Мои друзья»
Музыка волн	46	1983	Википедия: «Музыка волн»; также Это не любовь, 12 22
Мама анархия	Ночь	1986	Википедия: «Мама — Анархия»
Мы хотим танцевать	Ночь	1986	Википедия: «Мы хотим танцевать»
Мама мы все тяжело больны, мама мы все сошли с ума	Группа крови	1988	через kino_title_aliases.tsv; Википедия: «Мама, мы все сошли с ума»; также Последний герой, 12 22
Муравейник	Чёрный альбом	1991	Википедия: «Муравейник»
Место для шага вперёд	Звезда по имени Солнце	1989	Википедия: «Место для шага вперёд»; также 12 22
Моё настроение	Первые записи. „Гарин и гиперболоиды“	2002	Википедия: «Моё настроение»
Малыш	История этого мира	2000	Википедия: «Малыш»; также Последние записи
На кухне	45	1982	Википедия: «На кухне»
Ночной грабитель холодильников	Первые записи. „Гарин и гиперболоиды“	2002	Википедия: «Холодильник»
Ночь	Ночь	1986	Википедия: «Ночь»
Невеселая песня	Звезда по имени Солнце	1989	Википедия: «Невесёлая песня»; также „Кино“ в кино
Нам с тобой	Чёрный альбом	1991	Википедия: «Нам с тобой»; также 12 22
Просто хочешь ты знать	45	1982	Википедия: «Просто хочешь ты знать»
Пора	46	1983	Википедия: «Пора»
Последний герой	Начальник Камчатки	1984	Википедия: «Последний герой»; также Ночь, Последний герой, Неизвестные песни, 12 22
Прогулка романтика	Начальник Камчатки	1984	Википедия: «Прогулка романтика»
Прохожий	Группа крови	1988	Википедия: «Прохожий»; также Любовь — это не шутка
Попробуй спеть вместе со мной	Группа крови	1988	Википедия: «Попробуй спеть вместе со мной»; также „Кино“ в кино, Любовь — это не шутка, 12 22
Песня без слов	Звезда по имени Солнце	1989	Википедия: «Песня без слов»
Пачка сигарет	Звезда по имени Солнце	1989	Википедия: «Пачка сигарет»
Печаль	Звезда по имени Солнце	1989	Википедия: «Печаль»; также Последний герой
Проснись- это любовь	Это не любовь	1985	совпадение по началу названия; Википедия: «Проснись»
Подросток (Ты мог бы...)	Неизвестные песни	1992	через kino_title_aliases.tsv; Википедия: «Ты мог бы»; также Любовь — это не шутка, Молнии Индры
Песня для БГ	Неизвестные песни (переиздание 1996)	1996	Википедия: «Скоро будет зима»; в списке песен только «Первые записи» (2002), но статья https://ru.wikipedia.org/wiki/Неизвестные_песни называет её бонус-треком переиздания 1996 года (трек 12)
Песня для МБ	Первые записи. „Гарин и гиперболоиды“	2002	Википедия: «Посвящение Марку Болану»
Папа, твой сын никем не хочет быть	Первые записи. „Гарин и гиперболоиды“	2002	совпадение по началу названия; Википедия: «Папа, твой сын»
Перемен	Последний герой	1989	Википедия: «Хочу перемен!»; также „Кино“ в кино
Растопите снег	Начальник Камчатки	1984	Википедия: «Растопите снег»
Разреши мне...	Неизвестные песни	1992	Википедия: «Разреши мне»; также Любовь — это не шутка, Молнии Индры
Солнечные дни	45	1982	Википедия: «Солнечные дни»
Саша	46	1983	Википедия: «Саша»; также Это не любовь, 12 22
Ситар играл	45	1982	Википедия: «Ситар играл»
Сюжет для новой песни	Начальник Камчатки	1984	Википедия: «В поисках сюжета»; также Неизвестные песни
Сельва	46 (переиздание 1996)	1996	Википедия: «Сельва»
Спокойная ночь	Группа крови	1988	Википедия: «Спокойная ночь»; также Последний герой, Любовь — это не шутка
Сказка	Звезда по имени Солнце	1989	Википедия: «Сказка»
Следи за собой	Чёрный альбом	1991	Википедия: «Следи за собой»; также „Кино“ в кино, 12 22
Стань птицей	46 (переиздание 1996)	1996	Википедия: «Стань птицей»
Сосны на морском берегу	Чёрный альбом (переиздание 1996)	1996	Википедия: «Сосны на морском берегу»; также Последние записи, 12 22
Стук	Звезда по имени Солнце	1989	Википедия: «Стук»; также Последний герой (переиздание 2023)
Троллейбус	46	1983	Википедия: «Троллейбус»; также Начальник Камчатки, Последний герой, 12 22
Транквилизатор	46	1983	Википедия: «Транквилизатор»; также Начальник Камчатки, Последний герой (переиздание 2023)
Твой номер	Ночь	1986	Википедия: «Твой номер»
Ты обвела меня вокруг пальца	Неизвестные песни	1992	Википедия: «Ты обвела меня вокруг пальца»; также Любовь — это не шутка, Молнии Индры
Ты выглядишь так несовременно	Это не любовь	1985	Википедия: «Рядом со мной»
Танец	Ночь	1986	Википедия: «Танец»
Ты есть	Первые записи. „Гарин и гиперболоиды“	2002	Википедия: «Дождь»
Уходи	Это не любовь	1985	Википедия: «Уходи»
Фильмы	Ночь	1986	Википедия: «Фильмы»
Хочу быть с тобой	46	1983	Википедия: «Хочу быть с тобой»; также Начальник Камчатки
Электричка	45	1982	Википедия: «Электричка»; также Последний герой
Это не любовь	Это не любовь	1985	Википедия: «Это не любовь»; также 12 22
Я иду по улице	46	1983	Википедия: «Я иду по улице»
Я объявляю свой дом безъядерной зоной	Это не любовь	1985	совпадение по началу названия; Википедия: «Я объявляю свой дом»; также 12 22
Я из тех	Неизвестные песни	1992	Википедия: «Около семи утра»
Я хочу быть кочегаром	46 (переиздание 1996)	1996	Википедия: «Я хочу быть кочегаром»
