# Песни «Пикника», слова которых написал не только Эдмунд Шклярский. Названия даны как в Song.title (piknik.info). Источник: трек-листы статей русской Википедии об альбомах (27.09.2026).
# В статьях о «Вампирских песнях» и «Певце декаданса» указан автор песни без разделения на музыку и слова; эти строки помечены «автор песни». Инструментальные версии (Три судьбы, 10–11) не включены. «Капитан» (А. Карпенко) на сайте отсутствует.
title	lyricist	source
Очень интересно	А. Добычин	ru.wikipedia «Дым (альбом)», трек-лист, lyrics4 (оба издания)
Деньги	А. Добычин	ru.wikipedia «Дым (альбом)», трек-лист, lyrics6 (оба издания)
Ой, мороз-мороз…	русская народная песня	ru.wikipedia «Три судьбы», трек-лист, lyrics1
Полюшко-поле	Виктор Гусев	ru.wikipedia «Три судьбы», трек-лист, lyrics2
Полюшко-поле (героическая версия)	Виктор Гусев	ru.wikipedia «Три судьбы», трек-лист, lyrics5
Черный ворон	Николай Верёвкин	ru.wikipedia «Три судьбы», трек-лист, lyrics3
Романс "Сомнение"	Нестор Кукольник	ru.wikipedia «Три судьбы», трек-лист, lyrics4
Любо, братцы, любо	русская народная песня	ru.wikipedia «Три судьбы», трек-лист, lyrics6
По долинам и по взгорьям	Пётр Парфёнов	ru.wikipedia «Три судьбы», трек-лист, lyrics7
Ой, да не вечер…	русская народная песня	ru.wikipedia «Три судьбы», трек-лист, lyrics9
Ветер лилипутов	Алина Шклярская	ru.wikipedia «Королевство кривых», трек-лист, note5 «слова – Алина Шклярская»
Бедный Робинзон Крузо	Самуил Маршак	ru.wikipedia «Королевство кривых», трек-лист, note6 «слова – Самуил Маршак»
Все вокруг боятся радости паяца	Алина Шклярская	ru.wikipedia «Королевство кривых», трек-лист, note9 «слова – Алина Шклярская»
Уйду-останусь	Алина Шклярская	ru.wikipedia «Театр абсурда (альбом)», трек-лист, title8 «(слова А.Шклярская)»
Трилогия	Алина Шклярская	ru.wikipedia «Певец декаданса», трек-лист, title7 «(слова А. Шклярская)»
Сердце бьется на три четверти	Алина Шклярская	ru.wikipedia «Тень вампира (альбом)», «Музыка и слова Эдмунда Шклярского, кроме отмеченного», трек 2
Вот и тень моя…	Алина Шклярская	ru.wikipedia «Тень вампира (альбом)», «Музыка и слова Эдмунда Шклярского, кроме отмеченного», трек 7
Этот мир не ждет гостей	Эдмунд Шклярский, Алина Шклярская	ru.wikipedia «Тень вампира (альбом)», «Музыка и слова Эдмунда Шклярского, кроме отмеченного», трек 5
Инкогнито	Станислав Шклярский	ru.wikipedia «Певец декаданса», «Автор песен Эдмунд Шклярский кроме отмеченных», title8; автор песни
Истерика	А. Карпенко	ru.wikipedia «Вампирские песни», трек-лист, title2 «(А.Карпенко)»; автор песни
Раз, два...	А. Карпенко	ru.wikipedia «Вампирские песни», трек-лист, title5 «(А.Карпенко)»; автор песни
Вертолет	А. Карпенко	ru.wikipedia «Вампирские песни», трек-лист, title8 «(А. Карпенко)»; автор песни
