# Альбомы и годы со страницы https://www.piknik.info/albums (2026-09-27). kind: разделы «Официальная дискография» → studio; «Сборники и Синглы» → single («сингл» в названии) или compilation.
album	year	kind
Вечное движение	2026	studio
Один на один	2024	studio
Веселый и злой	2022	studio
В руках великана	2019	studio
Искры и канкан	2017	studio
Чужестранец	2014	studio
Певец декаданса	2012	studio
Три судьбы	2011	studio
Театр абсурда	2010	studio
Железные мантры	2008	studio
Мракобесие и джаз	2007	studio
Королевство кривых	2005	studio
Тень вампира	2004	studio
Говорит и показывает	2003	studio
Чужой	2002	studio
Египтянин	2001	studio
Пить электричество	1999	studio
Стекло	1998	studio
Жень-шень	1996	studio
Вампирские песни	1995	studio
Немного огня	1994	studio
Харакири	1991	studio
Родом ниоткуда	1988	studio
Иероглиф	1986	studio
Танец Волка	1984	studio
Дым	1982	studio
Колдун (Сингл)	2020	single
Сияние (сингл)	2019	single
Большая игра	2015	compilation
Пущенная стрела (Избранное 1982 - 2012)	2013	compilation
