# Альбомы и годы со страницы https://splean.ru/music/ (2026-09-28). kind по разделу «Дискография» https://ru.wikipedia.org/wiki/Сплин_(группа) (oldid=153849126): студийные → studio (мини-альбом «Тайком» тоже studio), синглы → single, «Сольные проекты» → solo.
album	year	kind
Летучий голландец	2025	single
Топай!	2021	single
Я был влюблён в Вас	2021	single
Вирус	2021	single
Вира и Майна	2020	studio
За семью печатями	2020	single
Передайте это Гарри Поттеру, если вдруг его встретите	2020	single
Тайком	2019	studio
Встречная полоса	2018	studio
Тепло родного дома	2017	single
Ключ к шифру	2016	studio
Резонанс, часть 2	2014	studio
Павловский парк	2014	solo
Резонанс, часть 1	2014	studio
Обман зрения	2012	studio
Сигнал из космоса	2009	studio
Раздвоение личности	2007	studio
Черновики	2004	solo
Реверсивная хроника событий	2004	studio
Новые люди	2003	studio
25-й кадр	2001	studio
Альтависта	1999	studio
Гранатовый альбом	1998	studio
Фонарь под глазом	1997	studio
Коллекционер оружия	1996	studio
Пыльная быль	1994	studio
