# Песни «Сплина», слова которых написал не Александр Васильев. Названия как в Song.title (splean.ru, дискография https://splean.ru/music/), 28.09.2026.
# Источник: статьи русской Википедии об альбомах (трек-листы, all_writing, состав); oldid указан в столбце source.
title	lyricist	source
Под сурдинку	Саша Чёрный	ru.wikipedia «Пыльная быль» (oldid=149559326), «Участники записи»: слова Васильева кроме 4 — стихотворение Саши Чёрного
Маяк	В. Маяковский	ru.wikipedia «Раздвоение личности (альбом)» (oldid=149418330), all_writing: кроме «Маяк» на стихи Маяковского «Лиличка!»
Петербургская свадьба	А. Башлачёв	ru.wikipedia «Обман зрения (альбом)» (oldid=149018078): автор текстов Васильев, за исключением 6 — Башлачёв
Помолчим немного	Дарья Скурихина	ru.wikipedia «Резонанс. Часть 1» (oldid=149439803): кроме текста «Помолчим немного» (автор — Дарья Скурихина)
Булгаковский марш	М. Булгаков	ru.wikipedia «Встречная полоса» (oldid=152261329), all_writing: за исключением 6 — Михаил Булгаков
Волшебная скрипка	Н. Гумилёв	ru.wikipedia «Тайком (альбом)» (oldid=154686447), all_writing: за исключением 5 — Николай Гумилёв
Конец прекрасной эпохи	И. Бродский	ru.wikipedia «Черновики (альбом)» (oldid=149420818), трек 3: на стихи И. Бродского
Паузы	А. Макаревич	ru.wikipedia «Черновики (альбом)» (oldid=149420818), трек 6: (А. Макаревич)
Аделаида	Б. Гребенщиков	ru.wikipedia «Черновики (альбом)» (oldid=149420818), трек 18: (Б. Г.)
Братские могилы	В. Высоцкий	ru.wikipedia «Черновики (альбом)» (oldid=149420818), трек 19: «На братских могилах…» (В. Высоцкий)
