# Песни Uma2rman, слова которых написал не один Владимир Кристовский или авторство слов не установлено. Исключаются из класса. title — как в Song.title (константа RELEASES), 28.09.2026.
# Источники авторства: кредиты Discogs (API, api.discogs.com): «В городе N» — релиз 512494, «А может это сон?...» — 705445, «Куда приводят мечты» — 4879335, «Пой, весна!» — 8540591; на всех четырёх Lyrics By — Владимир Кристовский, исключения по трекам ниже.
# ru.wikipedia: «Uma2rman» (oldid=154819447), «1825 (альбом)» (oldid=154690275: «Автор песен — Владимир Кристовский, кроме (2) — слова В. Кристовский, С. Лукьяненко»), «В этом городе все сумасшедшие» (oldid=149431087), «Баллада о прокуренном вагоне» (oldid=149685173).
# Пресс-релиз альбома «А может это сон?..» на сайте группы (web.archive.org/web/20081119071633/http://www.umaturman.com/site/cd2): В. Кристовский рассказывает о песнях альбома от первого лица.
# «В этом городе все сумасшедшие» (2011): кредитов нет ни в статье ВП, ни в трёх изданиях на Discogs (релизы 6913463, 15816273, 6168742), поэтому все песни альбома помечены «не установлено». Косвенно за В. Кристовского говорит только фраза ВП (со ссылкой на «Наше радио», 22.04.2022), что в «Звёздах» он «впервые поёт не свои стихи»; её опровергают каверы 2011 и 2018 гг., поэтому довода она не даёт. То же для синглов и EP без кредитов.
title	lyricist	source
Ночной Дозор	В. Кристовский, С. Лукьяненко	ВП «1825 (альбом)»: слова В. Кристовский, С. Лукьяненко (трек 2)
Тайд	В. Кристовский, Михаил Калгин	Discogs 512494: Михаил Калгин — Written-By [Co-author of words and music], трек 11
Париж	Михаил Калгин	Discogs 4879335: Lyrics By М. Калгин, трек 13
Дождись	В. Кристовский, Тимати	Discogs 4879335: Тимати — Lyrics By, Rap, трек 17
Эй, толстый	заимствования (MC Hammer, Rick James, Alonzo Miller; И. Дунаевский)	Discogs 705445: Music By MC Hammer, Rick James, Alonzo Miller, трек 5; пресс-релиз: строку из песни Дунаевского пришлось заменить
На пороге весны	Сергей Кристовский	Discogs 8540591: трек 12 — Music By, Lyrics By Сергей Кристовский
Хэппи	Владимир и Сергей Кристовские	ВП «Uma2rman»: заглавную песню к сериалу «Принц Сибири» (клип «Happy (OST Принц Сибири)», 2015) написали братья Кристовские
Звёзды	Татьяна Лукина	ВП «Uma2rman»: текст написала Татьяна Лукина
А знаешь, всё ещё будет	кавер (песня А. Пугачёвой)	ВП «В этом городе все сумасшедшие»: бонус-трек, песня А. Пугачёвой
Свеча	кавер (песня группы «Машина времени»)	ВП «В этом городе все сумасшедшие»: бонус-трек, песня группы «Машина времени»
С любимыми не расставайтесь	А. Кочетков	ВП «Uma2rman»: песня = «Баллада о прокуренном вагоне»; ВП «Баллада о прокуренном вагоне»: стихотворение А. Кочеткова
Любимый город	кавер	ВП «Uma2rman», синглы: «Любимый город (cover)»; Discogs 28665748
Не поминайте лихом	не установлено	«В этом городе все сумасшедшие» (2011): кредитов нет (ВП, Discogs 6913463, 15816273, 6168742)
В городе дождь	не установлено	«В этом городе все сумасшедшие» (2011): кредитов нет (ВП, Discogs 6913463, 15816273, 6168742)
Русский колорит	не установлено	«В этом городе все сумасшедшие» (2011): кредитов нет (ВП, Discogs 6913463, 15816273, 6168742)
Мама	не установлено	«В этом городе все сумасшедшие» (2011): кредитов нет (ВП, Discogs 6913463, 15816273, 6168742)
Лузер	не установлено	«В этом городе все сумасшедшие» (2011): кредитов нет (ВП, Discogs 6913463, 15816273, 6168742)
Ты вернешься	не установлено	«В этом городе все сумасшедшие» (2011): кредитов нет (ВП, Discogs 6913463, 15816273, 6168742)
После седьмой	не установлено	«В этом городе все сумасшедшие» (2011): кредитов нет (ВП, Discogs 6913463, 15816273, 6168742)
В этом городе все сумасшедшие	не установлено	«В этом городе все сумасшедшие» (2011): кредитов нет (ВП, Discogs 6913463, 15816273, 6168742)
В твоих глазах	не установлено	«В этом городе все сумасшедшие» (2011): кредитов нет (ВП, Discogs 6913463, 15816273, 6168742)
В пролесье	не установлено	«В этом городе все сумасшедшие» (2011): кредитов нет (ВП, Discogs 6913463, 15816273, 6168742)
Оля из сети	не установлено	«В этом городе все сумасшедшие» (2011): кредитов нет (ВП, Discogs 6913463, 15816273, 6168742)
Разметало	не установлено	«В этом городе все сумасшедшие» (2011): кредитов нет (ВП, Discogs 6913463, 15816273, 6168742)
Не жди	не установлено	«В этом городе все сумасшедшие» (2011): кредитов нет (ВП, Discogs 6913463, 15816273, 6168742)
Тебе понравится	не установлено	«В этом городе все сумасшедшие» (2011): кредитов нет (ВП, Discogs 6913463, 15816273, 6168742)
Я так и не узнал	не установлено	«В этом городе все сумасшедшие» (2011): кредитов нет (ВП, Discogs 6913463, 15816273, 6168742)
Гороскоп	не установлено	сингл 2011 (ВП «Uma2rman», синглы): кредитов нет
Нарисованная	не установлено	EP «Хэппи» (Discogs 6997568): кредитов нет
Жюль Верн	не установлено	«Не нашего мира» (Discogs 24452906): кредитов нет
Папины дочки. Новые	не установлено	сингл 2023 (Discogs 28665724): кредитов нет
