# Альбомы Uma2rman (Уматурман) для data/songs/uma2rman.jsonl; album — как в Song.album (константа RELEASES в src/rusrock/sites/uma2rman.py). Составлено 28.09.2026.
# Годы и трек-листы: статьи ru.wikipedia «В городе N» (oldid=154749786), «А может это сон?…» (oldid=154751853), «Куда приводят мечты (альбом)» (oldid=154984833), «1825 (альбом)» (oldid=154690275, год 2009 из текста статьи), «В этом городе все сумасшедшие» (oldid=149431087); «Пой, весна!», «Не нашего мира», сингл «Гороскоп» — раздел «Дискография» статьи «Uma2rman» (oldid=154819447). EP «Хэппи» (2015) и сингл «Папины дочки. Новые» (2023) — Discogs API, релизы 6997568 и 28665724.
# kind: studio — студийные альбомы, compilation — сборник «1825» (из него взяты только песни, которых нет на студийных), single — синглы и EP. Трибьют «Звёзды считают нас» (2025, чужие исполнители) не включён.
album	year	kind
В городе N	2004	studio
А может это сон?…	2005	studio
Куда приводят мечты	2008	studio
1825	2009	compilation
В этом городе все сумасшедшие	2011	studio
Гороскоп	2011	single
Хэппи	2015	single
Пой, весна!	2016	studio
Не нашего мира	2018	studio
Папины дочки. Новые	2023	single
