# Источник: https://grob-hroniki.org/texts/yanka/ (таблица «Янка Дягилева. Стихи»), выгружено 2026-09-27. date — столбец «Дата» таблицы. Сайт его не подписывает; по этой дате упорядочен хронологический список текстов сайта (/text_date.html), поэтому date_kind = written (дата написания), вывод по косвенному признаку. page_date_place — дата и место из шапки страницы текста, как написано.
title	date	year	date_kind	page_date_place
Ад-край	1987.06.xx	1987	written	июнь 1987, Омск
Ангедония	1989	1989	written	1989
Берегись!	1987	1987	written	1987
Будешь светлым лучом...	1987	1987	written	1987, Кемерово
В каждом доме	1987	1987	written	1987
Вечное утро	1987.06.xx	1987	written	июнь 1987, Омск
Вот сижу я такая баба...	1989	1989	written	1989
Вырос дуб...	1991.01.xx	1991	written	январь 1991
Выше ноги от земли	1990	1990	written	1990
Гори, гори ясно	1988	1988	written	конец 1988
Грязь моя такая неведомая, такая невинная...	1987.10.xx	1987	written	Омск, октябрь 1987, ночь, облом
Деклассированным элементам	1988	1988	written	1988
Декорации	1987.10.xx	1987	written	октябрь 1987
До	1988	1988	written	1988
До Китая пешком рукой подать...	1991	1991	written	1991
Долго красным светом по живым глазам...	1987	1987	written	конец 1987, Омск
Домой!	1988	1988	written	1988
Если шрам ножом зачеркнуть...	1991.01.xx	1991	written	январь 1991
Ждём с небес перемен — видим петли взамен...	1987.06.xx	1987	written	июнь 1987, Омск
Засыпаем с чистыми лицами...	1987.09.xx	1987	written	сентябрь 1987, Ленинград
И не жарко и не жалко...	1989	1989	written	1989
Как жить	1987	1987	written	1987
Катится всё в пропасть...	1989	1989	written	конец 1989
Классический депресняк	1987.06.xx	1987	written	июнь 1987, Омск
Кошка плавится на огне...	1990.05.30	1990	written	30 мая 1990
Крестом и нулём	1989	1989	written	1988–1989
Летяй играла в классики на небе...	1987	1987	written	1987 (предположительно)
Мало слов для стихов, мало веры для слов...	1987	1987	written	1987, Омск
Медведь выходит	1987	1987	written	1987
Между взглядом и ладонями...	1989	1989	written	1989
Мы по колено	1987.08.xx	1987	written	август 1987
На берегу размытой боли...	1989.05.25	1989	written	25 мая 1989, Новосибирск
На дворе трава, на траве дрова...	1987.06.xx	1987	written	июнь 1987, Омск
На дороге пятак	1990	1990	written	1990
На чёрный день	1987	1987	written	1987
Надо было	1986	1986	written	1986
Наполнилось до краешка ведёрко лунной патокой...	1987	1987	written	конец 1987, Омск
Нарисовали икону — и под дождём забыли...	1986	1986	written	1986, Новосибирск
Небо солнышко весна...	1991	1991	written	1991
Неясный свет через метель и луг...	1987	1987	written	1987, Москва
Нюркина песня	1989.03.20	1989	written	19–20 марта 1989
Особый резон	1987	1987	written	1987
От большого ума	1988	1988	written	1988
Отпусти, пойду. За углом мой дом...	1987.09.xx	1987	written	сентябрь 1987, Ленинград
Перекрёстки маятник выкачивает...	1987	1987	written	лето 1987, Москва
Печаль моя светла	1985	1985	written	1985
По свинцовому покою глубины моей...	1988	1988	written	1988, Рига
По среднестатистическому кругу...	1989	1989	written	1989
По трамвайным рельсам	1987	1987	written	1988
Полкоролевства	1987	1987	written	1987
Порешите нас твёрдой рукой...	1987	1987	written	1987
Порой умирают боги — и права нет больше верить...	1985	1985	written	1985, Новосибирск
Придёт вода	1990	1990	written	1990
Про паучков	1987	1987	written	1987
Про чёртиков	1990	1990	written	1990
Продано	1988	1988	written	1988
Пропустите в мир, стаи волчьи!	1985	1985	written	1985, Новосибирск
Пустошь — ветошь звонкий дым...	1989	1989	written	1989, Новосибирск
Раскрутили — разворотили — разболтали в стакане...	1988	1988	written	1988
Рижская	1988	1988	written	1988
Светлая такая дрянь...	1989	1989	written	1989
Сижу в серой рубахе...	1989	1989	written	конец 1989
Синим мячиком с горы прочь голова...	1987.10.xx	1987	written	октябрь 1987(?), Поезд Н-ск — Омск
Снова только никуда...	1990.04.23	1990	written	21–23 апреля 1990
Солнца ржавый штопор в землю ввинченый...	1987.04.xx	1987	written	апрель 1987, Ленинград
Солнышко моё прозрачное!..	1991.01.xx	1991	written	конец января 1991
Стаи летят	1987.08.xx	1987	written	август 1987
Столб боли стёб вместо воли-неволи...	1989	1989	written	1989
Столетний дождь	1988	1988	written	1988
Страх осколок истины прогнать из пустоты...	1987.07.xx	1987	written	июль 1987, Москва
Тёмных деревьев перечёркнутых ночь фонарей...	1990.04.09	1990	written	9 апреля 1990
Только дождь вселенский нас утешит...	1987.07.xx	1987	written	июль 1987
Торопился — оказался...	1991.01.xx	1991	written	январь 1991
Ударение на слоге выше прописной строки...	1987	1987	written	конец 1987
Фонетический фон, или Слово про слова	1988	1988	written	1988
Форма деформирует усталости резиновый комок...	1989	1989	written	1989
Холодильник (сказка — картинка)	1987	1987	written	1987, Омск
Чужой дом	1988	1988	written	1988
Это звёзды падают с неба...	1989	1989	written	1989, Новосибирск
Этот стих ОЧЕНЬ ВЕСЁЛЫЙ	1989	1989	written	1989
Я голову несу на пять корявых кольев...	1987	1987	written	осень 1987, Москва — Ленинград — Новосибирск
Я стервенею	1988	1988	written	1988
Reggae	1988	1988	written	1988
