# Источник: https://grob-hroniki.org/texts/yanka/ (таблица «Янка Дягилева. Стихи»), выгружено 2026-09-27. kind = song, если на странице есть раздел «Присутствует на следующих релизах» или «Песня исполнялась на следующих концертах», иначе poem.
title	kind
Ад-край	poem
Ангедония	song
Берегись!	song
Будешь светлым лучом...	poem
В каждом доме	song
Вечное утро	poem
Вот сижу я такая баба...	poem
Вырос дуб...	poem
Выше ноги от земли	song
Гори, гори ясно	song
Грязь моя такая неведомая, такая невинная...	poem
Деклассированным элементам	song
Декорации	song
До	poem
До Китая пешком рукой подать...	poem
Долго красным светом по живым глазам...	poem
Домой!	song
Если шрам ножом зачеркнуть...	poem
Ждём с небес перемен — видим петли взамен...	poem
Засыпаем с чистыми лицами...	poem
И не жарко и не жалко...	poem
Как жить	song
Катится всё в пропасть...	poem
Классический депресняк	poem
Кошка плавится на огне...	poem
Крестом и нулём	song
Летяй играла в классики на небе...	poem
Мало слов для стихов, мало веры для слов...	poem
Медведь выходит	song
Между взглядом и ладонями...	poem
Мы по колено	song
На берегу размытой боли...	poem
На дворе трава, на траве дрова...	poem
На дороге пятак	song
На чёрный день	song
Надо было	poem
Наполнилось до краешка ведёрко лунной патокой...	poem
Нарисовали икону — и под дождём забыли...	poem
Небо солнышко весна...	poem
Неясный свет через метель и луг...	poem
Нюркина песня	song
Особый резон	song
От большого ума	song
Отпусти, пойду. За углом мой дом...	poem
Перекрёстки маятник выкачивает...	poem
Печаль моя светла	song
По свинцовому покою глубины моей...	poem
По среднестатистическому кругу...	poem
По трамвайным рельсам	song
Полкоролевства	song
Порешите нас твёрдой рукой...	poem
Порой умирают боги — и права нет больше верить...	poem
Придёт вода	song
Про паучков	song
Про чёртиков	song
Продано	song
Пропустите в мир, стаи волчьи!	poem
Пустошь — ветошь звонкий дым...	poem
Раскрутили — разворотили — разболтали в стакане...	poem
Рижская	song
Светлая такая дрянь...	poem
Сижу в серой рубахе...	poem
Синим мячиком с горы прочь голова...	poem
Снова только никуда...	poem
Солнца ржавый штопор в землю ввинченый...	poem
Солнышко моё прозрачное!..	poem
Стаи летят	song
Столб боли стёб вместо воли-неволи...	poem
Столетний дождь	song
Страх осколок истины прогнать из пустоты...	poem
Тёмных деревьев перечёркнутых ночь фонарей...	poem
Только дождь вселенский нас утешит...	song
Торопился — оказался...	poem
Ударение на слоге выше прописной строки...	poem
Фонетический фон, или Слово про слова	poem
Форма деформирует усталости резиновый комок...	poem
Холодильник (сказка — картинка)	poem
Чужой дом	song
Это звёзды падают с неба...	poem
Этот стих ОЧЕНЬ ВЕСЁЛЫЙ	poem
Я голову несу на пять корявых кольев...	poem
Я стервенею	song
Reggae	song
