# Альбомы со страниц https://www.mikenaumenko.ru/texts.htm (проверено 27.09.2026); album — как в Song.album (заголовок <title> страницы альбома после «Альбомы:»).
# На сайте годов нет. Год и тип — по ru.wikipedia: «Зоопарк (группа)» (rev 154280757, раздел «Дискография») для альбомов группы и «Науменко, Майк» (rev 153071161, «Сольные альбомы») для LV, «Сладкая N и другие», «Все братья — сёстры» (совместно с БГ); проверено 27.09.2026. Blues de Moscou в статье о группе в разделе «Концертные альбомы», на сайте «концертная запись».
# kind: studio, live, compilation, other. «Песни, не вошедшие в альбомы» — сборная страница сайта: 7 песен, год пуст.
album	year	kind
Все братья – сёстры	1978	studio
Сладкая N и другие	1980	studio
Blues de Moscou	1981	live
LV	1982	studio
Уездный Город N	1983	studio
Белая Полоса	1984	studio
Музыка для Фильма	1991	studio
Песни, не вошедшие в альбомы		other
