# Песни на https://www.mikenaumenko.ru/texts.htm, у которых автор слов не (только) Майк Науменко. Проверено 27.09.2026.
# title и album — как в Song.title / Song.album. source: site = сам сайт; wiki = ru.wikipedia (статья, ревизия). В Википедии поле writer не делит музыку и слова, такие строки помечены «writer».
# lyricist в data/songs/zoopark.jsonl заполняется только из строки сайта «музыка и тексты песен: …» (LV, Уездный Город N); этот файл — справка для атрибуции, в jsonl не вливается.
title	album	lyricist	source
Колокола	Уездный Город N	Александр Храбунов	site: album_gorod.htm «музыка и тексты песен: Майк, 1983 год, кроме #6 - Александр Храбунов»; wiki: «Уездный город N (альбом)» rev 150172141 «музыка и слова — А. Храбунов»
Милый Доктор	Песни, не вошедшие в альбомы	Mick Jagger, Keith Richards (пер. Майк Науменко)	site: album_other.htm «песня Dear Doctor группы Rolling Stones»; wiki: «Белая полоса» rev 149762875, бонус (22) «Джаггер/Ричардс в дословном переводе Михаила Науменко»
Вlues De Mosсоu часть 1	Сладкая N и другие	Майк Науменко, Игорь Петровский	wiki: «Сладкая N и другие» rev 151410051, writer9 «Майк, Игорь «Иша» Петровский»; также «Blues de Moscou (альбом «Зоопарка»)» rev 149421199 «в соавторстве с Игорем Петровским»
Похмельный блюз	Сладкая N и другие	Майк Науменко, Борис Гребенщиков	wiki: «Сладкая N и другие» rev 151410051, writer28/writer42
Стоит Кирпичная Стена	Сладкая N и другие	Вячеслав Зорин	wiki: «Сладкая N и другие» rev 151410051, writer34
Слоники	Сладкая N и другие	Вячеслав Зорин	wiki: «Сладкая N и другие» rev 151410051, writer35
Мальчик Взял Гитару	Сладкая N и другие	Вячеслав Зорин	wiki: «Сладкая N и другие» rev 151410051, writer36
